name,id,designation,tech/manufacturer,system id,fleet pts,hitpoints,armor rating,max flux,8/6/5/4%,flux dissipation,ordnance points,fighter bays,max speed,acceleration,deceleration,max turn rate,turn acceleration,mass,shield type,defense id,shield arc,shield upkeep,shield efficiency,phase cost,phase upkeep,min crew,max crew,cargo,fuel,fuel/ly,range,max burn,base value,cr %/day,CR to deploy,peak CR sec,CR loss/sec,supplies/rec,supplies/mo,c/s,c/f,f/s,f/f,crew/s,crew/f,hints,tags,logistics n/a reason,codex variant id,rarity,breakProb,minPieces,maxPieces,travel drive,number
FOB Ithaca Wall,chief_navigator_ithaca_wall_segment,Fortress Wall,Domain-era,,0,240000,4000,0,2500,100,0,,0,0,0,0,0,200000,NONE,,0,0,0,,,0,0,0,0,1,0,0,500000,,0,,,0,0,,,,,,,"STATION, UNBOARDABLE, HIDE_IN_CODEX",,,,,0,,,,
FOB Ithaca Mounting Apron,chief_navigator_ithaca_mounting_apron,Background Structure,Domain-era,,0,1000000,0,0,2500,100,0,,0,0,0,0,0,1,NONE,,0,0,0,,,0,0,0,0,1,0,0,0,,0,,,0,0,,,,,,,"STATION, UNBOARDABLE, HIDE_IN_CODEX","no_dealer, no_autofit",,,,0,,,,
FOB Ithaca Naval Mount,chief_navigator_ithaca_naval_mount,Naval Gun Emplacement,Domain-era,,0,20000,1750,50000,5000,2000,0,,0,0,0,0,0,20000,NONE,,0,0,0,,,0,0,0,0,1,0,0,0,,0,,,0,0,,,,,,,"UNBOARDABLE, HIDE_IN_CODEX, MODULE","no_dealer, no_autofit",,,,0,,,,
Spartan Battlestation,chief_navigator_spartan_battlestation,Gate Defense Battlestation,Low Tech,,200,80000,2000,1000,2500,100,0,,30,200,200,2,2,5000,NONE,,0,0,0,,,0,0,0,0,1,0,0,500000,10,10,,,0,50,,,,,,,"STATION, UNBOARDABLE, HIDE_IN_CODEX","no_dealer, no_autofit",,,,0,,,,2003
,chief_navigator_battlestation_citadel1,Teal Heavy Citadel,Low Tech,forgevats_station,0,15000,2000,30000,43750,1750,1000,,0,0,0,10,10,1000,FRONT,,300,0.4,1,,,0,0,0,0,1,0,,500000,,1,,,0,0,,,,,,,"UNBOARDABLE, HIDE_IN_CODEX, MODULE","no_dealer, no_autofit",,,,1,2,4,,2066
FOB Ithaca Damocles Mount,chief_navigator_ithaca_damocles_mount,Bombardment Emplacement,Domain-era,,0,12000,1250,30000,5000,1500,0,,0,0,0,0,0,12000,NONE,,0,0,0,,,0,0,0,0,1,0,0,0,,0,,,0,0,,,,,,,"UNBOARDABLE, HIDE_IN_CODEX, MODULE","no_dealer, no_autofit",,,,0,,,,
FOB Ithaca Metal Storm Mount,chief_navigator_ithaca_metalstorm_mount,Volley Emplacement,Domain-era,,0,8000,1000,25000,5000,1250,0,,0,0,0,0,0,8000,NONE,,0,0,0,,,0,0,0,0,1,0,0,0,,0,,,0,0,,,,,,,"UNBOARDABLE, HIDE_IN_CODEX, MODULE","no_dealer, no_autofit",,,,0,,,,
Drifting Wall Core,chief_navigator_drifting_wall_core,Hidden Station Core,Domain-era,,0,1000000,0,0,2500,100,0,,0,0,0,0,0,1,NONE,,0,0,0,,,0,0,0,0,1,0,0,0,,0,,,0,0,,,,,,,"STATION, UNBOARDABLE, HIDE_IN_CODEX","no_dealer, no_autofit",,,,0,,,,
Drifting Wall Base,chief_navigator_drifting_wall_base,Vast Station Foundation,Domain-era,,0,1000000,20000,100000,2500,5000,0,,0,0,0,0,0,1000000,NONE,,0,0,0,,,0,0,0,0,1,0,0,0,,0,,,0,0,,,,,,,"STATION, SHIP_WITH_MODULES, UNBOARDABLE, HIDE_IN_CODEX","no_dealer, no_autofit",,,,0,,,,
Ithaca Foundation,chief_navigator_ithaca_foundation,Vast Station Foundation,Domain-era,,0,1000000,20000,100000,2500,5000,0,,0,0,0,0,0,1000000,NONE,,0,0,0,,,0,0,0,0,1,0,0,0,,0,,,0,0,,,,,,,"STATION, SHIP_WITH_MODULES, UNBOARDABLE, HIDE_IN_CODEX","no_dealer, no_autofit",,,,0,,,,
Drifting Wall Section,chief_navigator_drifting_wall_berth,Armored Station Section,Domain-era,,0,25000,2000,50000,5000,1500,0,,0,0,0,0,0,25000,NONE,,0,0,0,,,0,0,0,0,1,0,0,0,,0,,,0,0,,,,,,,"UNBOARDABLE, HIDE_IN_CODEX, MODULE","no_dealer, no_autofit",,,,0,,,,
Drifting Wall Reactor,chief_navigator_drifting_wall_reactor,Exposed Self-Repairing Reactor,Domain-era,,0,4000,4000,0,2500,100,0,,0,0,0,0,0,2000,NONE,,0,0,0,,,0,0,0,0,1,0,0,0,,0,,,0,0,,,,,,,"UNBOARDABLE, HIDE_IN_CODEX, MODULE","no_dealer, no_autofit",,,,0,,,,
FOB Ithaca Rear Bulkhead,chief_navigator_ithaca_rear_bulkhead,Connected Rear Bulkhead,Domain-era,,0,1000000,20000,0,2500,100,0,,0,0,0,0,0,1000000,NONE,,0,0,0,,,0,0,0,0,1,0,0,0,,0,,,0,0,,,,,,,"STATION, UNBOARDABLE, HIDE_IN_CODEX","no_dealer, no_autofit",,,,0,,,,
FOB Ithaca Section Core,chief_navigator_ithaca_section_core,Fortress Section Core,Domain-era,,0,80000,3000,0,2500,100,0,,0,0,0,0,0,150000,NONE,,0,0,0,,,0,0,0,0,1,0,0,0,,0,,,0,0,,,,,,,"STATION, UNBOARDABLE, HIDE_IN_CODEX","no_dealer, no_autofit",,,,0,,,,
Starving Skirmish Unit,chief_navigator_starving_skirmish_unit,Skirmish Unit,Threat,displacer_threat,7,3000,600,2500,2500,200,1000,,130,150,100,60,90,250,FRONT,,150,0.4,1.2,,,0,0,10,50,0.25,200,10,10000,100,10,,,4,4,,,,,,,"UNBOARDABLE, HIDE_IN_CODEX","threat, threat_combat, threat_skirmish, chief_navigator_starving_threat, hide_in_codex, no_autofit",,,,0.5,2,2,,231
Starving Overseer Unit,chief_navigator_starving_overseer_unit,Overseer Unit,Threat,energy_lash,25,5000,900,5000,5000,400,1000,,90,90,70,30,60,350,OMNI,,150,0.4,1.2,,,0,0,40,100,0.5,200,9,100000,100,10,,,8,8,,,,,,,"UNBOARDABLE, HIDE_IN_CODEX","threat, threat_overseer, chief_navigator_starving_threat, hide_in_codex, no_autofit",,,,0.5,2,3,,321
Starving Assault Unit,chief_navigator_starving_assault_unit,Assault Unit,Threat,incursion_mode,12,7000,1000,6000,5000,400,1000,,90,90,80,30,60,500,FRONT,,150,0.4,1.2,,,0,0,80,100,0.5,200,9,80000,100,10,,,10,10,,,,,,,"UNBOARDABLE, HIDE_IN_CODEX","threat, threat_aggressive, threat_combat, chief_navigator_starving_threat, hide_in_codex, no_autofit",,,,0.5,2,2,,322
Starving Hive Unit,chief_navigator_starving_hive_unit,Hive Unit,Threat,fragment_volley,20,16000,1600,10000,8333,500,1000,,70,50,40,15,20,2000,FRONT,,210,0.4,1.2,,,0,0,150,150,0.75,200,10,200000,100,10,,,22,22,,,,,,,"UNBOARDABLE, HIDE_IN_CODEX","threat, threat_timid, threat_hive, chief_navigator_starving_threat, hide_in_codex, no_autofit",,,,0.5,2,3,,417
Starving Line Unit,chief_navigator_starving_standoff_unit,Line Unit,Threat,extraction_protocol,18,18000,1700,12000,11667,700,1000,,70,70,60,15,30,500,FRONT,,150,0.4,1.2,,,0,0,120,150,0.75,200,9,150000,100,10,,,20,20,,,,,,,"UNBOARDABLE, HIDE_IN_CODEX","threat, threat_combat, chief_navigator_starving_threat, hide_in_codex, no_autofit",,,,0.5,2,3,,418
Starving Fabricator Unit,chief_navigator_starving_fabricator_unit,Fabricator Unit,Threat,chief_navigator_starving_construction_swarm,600,30000,2000,20000,25000,1000,1000,,40,20,15,6,9,10000,OMNI,,150,0.4,1.2,,,0,0,2000,1000,1,1000,8,500000,1000,10,,,20,20,,,,,,,"UNBOARDABLE, HIDE_IN_CODEX","threat, threat_fabricator, chief_navigator_starving_threat, hide_in_codex, full_cr_recovery, no_autofit",,,,0.5,3,4,,515
Gautama Base,chief_navigator_scylla_base,Command Organism,Threat,extraction_protocol,600,40000,2000,20000,25000,1000,1000,,40,20,15,6,9,10000,OMNI,,150,0.4,1.2,,,0,0,2000,1000,1,1000,8,500000,1000,10,,,20,20,,,,,,,"UNBOARDABLE, HIDE_IN_CODEX","threat_overseer, hide_in_codex, full_cr_recovery",,,,0.5,3,4,,515
Boarding Pod,chief_navigator_boarding_pod_fighter,Armored Boarding Craft,Domain-era,,,250,60,400,,100,0,,325,500,450,180,360,10,NONE,,0,0,0,,,1,1,,,,,,,,,,,,,,,,,,,HIDE_IN_CODEX,"no_dealer, no_autofit",,,,0,,,,9000
