name,id,tier,rarity,tech/manufacturer,tags,uiTags,base value,unlocked,hidden,hiddenEverywhere,cost_frigate,cost_dest,cost_cruiser,cost_capital,script,desc,short,sModDesc,sprite
Ithaca Long-Range Emplacement,chief_navigator_ithaca_range,3,,Domain-era,"no_build_in",,0,,TRUE,TRUE,0,0,0,0,chiefnavigator.hullmods.IthacaLongRangeEmplacement,"A fixed-installation fire-control and power-routing package. Multiplies ballistic, energy, and missile weapon range by ten.",10x weapon range.,,
Ithaca Naval Fire Control,chief_navigator_ithaca_naval_fire_control,3,,Domain-era,"no_build_in",,0,,TRUE,TRUE,0,0,0,0,chiefnavigator.hullmods.IthacaNavalFireControlHullmod,"A battlespace-scale targeting array that lets colossal naval emplacements acquire targets across the combat zone.","+30,000 combat sight radius.",,
Budai Maintained Distortion,chief_navigator_charybdis_distortion,3,,Shrouded Dweller,"no_build_in",,0,,TRUE,TRUE,0,0,0,0,chiefnavigator.hullmods.CharybdisDistortion,"Halves armor and maintains a spatial distortion. Regenerates up to 50% of maximum hull per combat, tapering from 1% hull per second to zero over 100 healing seconds and pausing at full hull. At 50% hull, Budai screeches and lunges four times before the field quadruples, turns red, and doubles its Hungering Rift fire rate. Incoming fire originating beyond the field deals half damage; ships inside lose half their mobility and suffer periodic Shrouded Lens strikes.",Maintained hazard field.,,
Budai Pseudoparticle Manifold,chief_navigator_charybdis_pseudoparticle_manifold,3,,Shrouded Dweller,"no_build_in",,0,,TRUE,TRUE,0,0,0,0,chiefnavigator.hullmods.CharybdisPseudoparticleManifold,"Overdrives Budai's Pseudoparticle Jets, increasing their width by 300% and their damage by 150%.",4x jet width; 2.5x damage.,,
Starving Threat Hull,chief_navigator_starving_threat,3,,Threat,"no_build_in, threat",,0,,TRUE,TRUE,0,0,0,0,chiefnavigator.hullmods.StarvingThreatHullmod,"Replaces the stock Threat Hull package for material-starved ships, preserving its combat systems while abandoning its zero-profile stealth. Ravenous emissions increase sensor profile by 200%; depleted construction trades structural mass for extreme maneuverability and denser armor. On destruction, its remaining fragments reorganize into attack swarms and may reconstruct Gautama once per ordinary battle: 10% for a frigate, 20% for a destroyer, 30% for a cruiser, and 50% for a Fabricator. During Labor V's center battle, failed rolls add 10 percentage points to the next eligible loss until Gautama returns.","Stock Threat behavior; 5x maneuverability; -33% hull; +15% armor; +200% sensor profile; releases attack swarms; Gautama reconstruction: 10% frigate, 20% destroyer, 30% cruiser, 50% Fabricator; Labor V gains +10% per failed roll.",,
Spartan Boarding Pod AI,chief_navigator_boarding_pod_fighter_ai,3,,Domain-era,"no_build_in",,0,,TRUE,TRUE,0,0,0,0,chiefnavigator.hullmods.BoardingPodFighterHullmod,"Keeps the boarding pod in a defensive orbit until it detects exposed hull, then commits to a boarding run.",Defends carrier; boards exposed hull.,,
Gautama Command Organism,chief_navigator_scylla_boss,3,,Threat,"no_build_in, threat",,0,,TRUE,TRUE,0,0,0,0,chiefnavigator.hullmods.ScyllaBossHullmod,"Tracks Gautama's unique battle presence and, when installed on its carrier configuration, its swarm screen.",Coordinates Gautama's unique combat presence.,,
Ungaikyo Reflection,chief_navigator_gautama_mirror,3,,Threat,"no_build_in, no_drop, threat",,0,,TRUE,TRUE,0,0,0,0,chiefnavigator.hullmods.GautamaMirrorHullmod,"Marks a zero-DP combat-only reflection summoned by Ungaikyo. The copy cannot be recovered or retained after the battle.",Unrecoverable zero-DP reflection.,,
Gautama Swarm Compatibility,chief_navigator_scylla_invincible_swarm,3,,Threat,"no_build_in, threat",,0,,TRUE,TRUE,0,0,0,0,chiefnavigator.hullmods.ScyllaInvincibleSwarmHullmod,"Legacy compatibility marker. Provides no damage protection or regeneration.",No effect.,,
Gautama Fragile Swarm,chief_navigator_scylla_fragile_swarm,3,,Threat,"no_build_in, threat",,0,,TRUE,TRUE,0,0,0,0,chiefnavigator.hullmods.ScyllaFragileSwarmHullmod,"Makes Gautama's replacement escorts extremely fragile and suppresses their ship-level death explosion and hulk.","25% hull; 150% hull and armor damage taken; no death explosion.",,
Omega Time-Stop Core,chief_navigator_omega_time_stop_core,3,,Omega,"no_build_in, omega",,0,,TRUE,TRUE,0,0,0,0,chiefnavigator.hullmods.OmegaTimeStopCoreHullmod,"Arrests local time, then closes directly on the opposing flagship. An active Temporal Shell remains synchronized and can move freely.",Periodic time stop; Temporal Shell counters.,,
Drifting Wall Foundation,chief_navigator_drifting_wall_foundation,3,,Domain-era,"no_build_in",,0,,TRUE,TRUE,0,0,0,0,chiefnavigator.hullmods.DriftingWallFoundationHullmod,"Hardens the colossal naval emplacements built into the Drifting Wall foundation to twenty times normal weapon durability.",20x weapon health.,,
Wall Contact Safety,chief_navigator_wall_contact_safety,3,,Domain-era,"no_build_in",,0,,TRUE,TRUE,0,0,0,0,chiefnavigator.hullmods.WallContactSafetyHullmod,"Prevents structural contact damage to ships while preserving weapon damage and solid collision geometry.",Harmless structural contact.,,
Spartan Threat Ward,chief_navigator_spartan_threat_ward,3,,Hegemony,"no_build_in",,0,,TRUE,TRUE,0,0,0,0,chiefnavigator.hullmods.SpartanThreatWardHullmod,"Legacy compatibility hullmod. Its former combat damage reduction has been removed.",No effect.,,
Domain-Security IFF Transponder,chief_navigator_domain_security_iff,3,,Domain-era,"no_build_in, no_drop",,0,,FALSE,FALSE,0,0,0,0,chiefnavigator.hullmods.DomainSecurityIFFHullmod,"A permanent authentication package issued by Menelaus after accepting the first Labor. It authorizes command of recovered Domain derelict drones without Automated Ships expertise.",Command recovered Domain derelicts without Automated Ships.,,
Ithaca Invasion Marker,chief_navigator_ithaca_siege_stalemate,3,,Threat,"no_build_in, no_drop",,0,,TRUE,TRUE,0,0,0,0,chiefnavigator.hullmods.IthacaSiegeStalemateHullmod,"Hidden compatibility marker identifying ships from an authored Ithaca invasion. It changes no combat statistics.",No combat effect.,,
