"name","id","tier","rarity","base value","range","damage/second","damage/shot","emp","impact","turn rate","OPs","ammo","ammo/sec","reload size","type","energy/shot","energy/second","chargeup","chargedown","burst size","burst delay","min spread","max spread","spread/shot","spread decay/sec","beam speed","proj speed","launch speed","flight time","proj hitpoints","autofireAccBonus","extraArcForAI","hints","tags","groupTag","tech/manufacturer","for weapon tooltip>>","primaryRoleStr","speedStr","trackingStr","turnRateStr","accuracyStr","customPrimary","customPrimaryHL","customAncillary","customAncillaryHL","noDPSInTooltip","number"
"Budai Pseudoparticle Jet","chief_navigator_charybdis_pseudoparticle_jet","3",,"10000","600",,"62.5",,"3","40","22",,,,"KINETIC","30",,,"0.05","6","0.05","0","0","0","0",,"400",,,,,,,"monster, dweller, restricted, no_bp, no_drop, no_drop_salvage, kinetic15, SR",,"Shrouded Dweller",,"Anti Shield",,,,,,"Budai's overdriven manifold widens the jet by 300% and increases its damage by 150%.",,,,"212"
"Budai Hungering Rift","chief_navigator_charybdis_assaying_rift","3",,"10000","2000",,"600",,,"180","18",,,,"ENERGY","600",,"0","2","1",,"0","0","0","0",,"200","400","14","1200",,,"DO_NOT_AIM","monster, dweller, restricted, pd10, missile10, no_bp, no_drop, no_drop_salvage, substrate_2",,"Shrouded Dweller",,"General","Slow","Excellent",,,"When impacting hull or armor, heals one of the Shrouded Dweller projections on the battlefield for 1000 points.","1000","Budai's rifts are twice normal size and have 50% more missile durability.","2x size; 1200 hitpoints",,"213"
Heavy Adjudicator,chief_navigator_mountable_heavy_adjudicator,1,,500000,800,,800,,,0,40,20,0.5,5,FRAGMENTATION,100,,0,0.333333,1,,0,5,3,5,,1200,,,,,3,"PD,PD_ALSO","restricted, no_bp, no_dealer, no_drop, no_drop_salvage",,Domain Restricted,,Anti Armor (Area),,,,,"Each shell has a proximity fuse and deals damage over a wide area when it explodes. Will target missiles if no other targets are in range.",,,,,232
"FOB Ithaca Naval Gun","chief_navigator_naval_gun","0",,"0","675",,"200000",,"1000","2.5","0",,,,"KINETIC","0",,"3","6","1",,"0","0","0","0",,"800",,,"10000",,,"DO_NOT_CONSERVE, DANGEROUS","kinetic18, no_sell, no_dealer, no_drop, no_drop_salvage","chief_navigator_ithaca_naval","Domain-era",,"Anti Shield","Average","Poor","Slow","Perfect",,,,,,"100"
"Damocles Bombardment Gun","chief_navigator_damocles","0",,"0","500",,"400",,"50","4","0",,,,"HIGH_EXPLOSIVE","0",,"2","8","8","0.45","0","0","0","0",,"170","20","30","2000",,,"DO_NOT_CONSERVE, DANGEROUS","he0, no_sell, no_dealer, no_drop, no_drop_salvage","chief_navigator_ithaca_damocles","Domain-era",,"Strike","Very Slow","None","Slow","Poor",,,,,,"101"
"Metal Storm VLS Battery","chief_navigator_metalstorm","0",,"0","250",,"100",,"5","0.1","0",,,,"HIGH_EXPLOSIVE","0",,"1.2","10","15","0.66","0","0","0","0",,"650","18","5.02","80",,,"DO_NOT_AIM, DO_NOT_CONSERVE, DANGEROUS","he0, no_sell, no_dealer, no_drop, no_drop_salvage","chief_navigator_ithaca_metalstorm","Domain-era",,"Saturation","Average","Excellent","Locked","Perfect",,,,,,"102"
"Destroyed Naval Gun","chief_navigator_destroyed_naval_gun",,,,,,,,,,,,,,,,,,,,,,,,,,,,,,,,"SYSTEM","no_sell, no_dealer, no_drop, no_drop_salvage",,,,,,,,,,,,,,"103"
"Destroyed Damocles Mortar","chief_navigator_destroyed_damocles",,,,,,,,,,,,,,,,,,,,,,,,,,,,,,,,"SYSTEM","no_sell, no_dealer, no_drop, no_drop_salvage",,,,,,,,,,,,,,"104"
"Destroyed Metal Storm VLS","chief_navigator_destroyed_metalstorm",,,,,,,,,,,,,,,,,,,,,,,,,,,,,,,,"SYSTEM","no_sell, no_dealer, no_drop, no_drop_salvage",,,,,,,,,,,,,,"105"
"Colossal Naval Turret","chief_navigator_drifting_wall_colossal_inert","0",,"0","7500","2000",,,"0","2.5","0",,,,"ENERGY",,"0","3","0.75","5","10","0","0","0","0","100000",,,,"1",,,"DO_NOT_CONSERVE, DANGEROUS","energy18, no_sell, no_dealer, no_drop, no_drop_salvage","chief_navigator_ithaca_naval","Domain-era",,"General","Sustained","Poor","Slow","Perfect",,,,,,"213"
"Hammer Torpedo Battery","chief_navigator_drifting_wall_annihilator_launcher","0",,"0","10000",,"1500",,"5","8","0","10","1","10","HIGH_EXPLOSIVE","0",,"0","20","10","0.12","0","0","0","0",,"800","100","13","350",,,"DO_NOT_CONSERVE, DANGEROUS","he7, rocket2, no_sell, no_dealer, no_drop, no_drop_salvage","chief_navigator_drifting_wall_rockets","Domain-era",,"Saturation","Fast","None","Slow","Narrow",,,,,,"214"
"Destroyed Wall Naval Turret","chief_navigator_drifting_wall_colossal_destroyed",,,,,,,,,,,,,,,,,,,,,,,,,,,,,,,,"SYSTEM","no_sell, no_dealer, no_drop, no_drop_salvage",,,,,,,,,,,,,,"215"
"Destroyed Wall Annihilator Battery","chief_navigator_drifting_wall_annihilator_destroyed",,,,,,,,,,,,,,,,,,,,,,,,,,,,,,,,"SYSTEM","no_sell, no_dealer, no_drop, no_drop_salvage",,,,,,,,,,,,,,"216"
"Ithaca Atropos Battery","chief_navigator_ithaca_atropos_battery","0",,"0","10000",,"1000",,"5","8","0","10","1","10","HIGH_EXPLOSIVE","0",,"0","20","10","0.12","0","0","0","0",,"800","100","13","300",,,"GUIDED_POOR, DO_NOT_CONSERVE, DANGEROUS","he7, rocket2, no_sell, no_dealer, no_drop, no_drop_salvage","chief_navigator_drifting_wall_rockets","Domain-era",,"Saturation","Fast","Excellent","Slow","Narrow",,,,,,"230"
"Cloudswarm SRM Launcher","chief_navigator_ithaca_locust_pd_array","0",,"0","1200",,"100",,"2","30","0","41","1.28125","41","FRAGMENTATION","0",,"0","16","81","0.06","0","3","0.5","8",,"520","120","3.63","40",,"10","PD, ANTI_FTR, DO_NOT_AIM, DO_NOT_CONSERVE","pd18, missile15, no_sell, no_dealer, no_drop, no_drop_salvage","chief_navigator_ithaca_locust","Domain-era",,"Point Defense","Very Fast","Perfect","Fixed","Excellent","Only fires at hostile missiles, fighters, and combat drones.","PD targets only","41 missiles; 81 with the Fortress Autoloader Core.","Saturation intercept",,"231"
"Ossuary Swarm Launcher","chief_navigator_bone_swarm_launcher","0",,"30000","1",,"1","1","0","0","10","30",,,"FRAGMENTATION","0",,"0.25","1.25",,,"0","0","0","0",,"1","1","0.1","1",,,"DO_NOT_AIM, NO_MANUAL_FIRE","fragment, restricted, no_standard_data, swarm1, no_bp, no_sell, no_dealer, no_drop, no_drop_salvage, chief_navigator_starving_weapon",,"Starving Threat",,"Special",,,,,"Requires the %s hullmod and uses %s fragments per swarm launched. Can control up to %s swarms concurrently, but will wait to launch new swarms until the existing ones are depleted.","Fragment Swarm|50|4","This weapon can not be fired manually and will always launch swarms as soon as it is possible to do so.",,,"200"
"Marrow Seeker","chief_navigator_bone_seeker_fragment","0",,"3000","2000",,"600",,,"0","2","1","0.2",,"HIGH_EXPLOSIVE",,,"0.25","0.75","1",,,,,,,"300","0","15","500",,,"IMPORTANT, DO_NOT_AIM, RANGE_FROM_SHIP_RADIUS","fragment, restricted, missile1, no_bp, no_sell, no_dealer, no_drop, no_drop_salvage, chief_navigator_starving_weapon",,"Starving Threat",,"General","Medium","Excellent",,,"Requires the %s hullmod and uses %s fragments per shot.","Fragment Swarm|10",,,"TRUE","201"
"Bone Shard Battery","chief_navigator_bone_kinetic_fragments","0",,"3000","1500",,"400",,,"0","2","1","0.2",,"KINETIC","0",,"0.25","0.25","1",,,,,,,"400","0","5","300",,,"IMPORTANT, DO_NOT_CONSERVE, DO_NOT_AIM, RANGE_FROM_SHIP_RADIUS","fragment, restricted, kinetic1, rocket1, no_bp, no_sell, no_dealer, no_drop, no_drop_salvage, chief_navigator_starving_weapon",,"Starving Threat",,"Anti Shield","Fast","Special",,,"Requires the %s hullmod and uses %s fragments per shot. Secondary fragments deal %s kinetic damage per impact.","Fragment Swarm|5|100",,,"TRUE","202"
"Splintered Skull","chief_navigator_bone_unstable_fragment","0",,"3000","500",,"750",,,"0","1","1","0.5",,"FRAGMENTATION",,,"0.25","0.75","1",,,,,,,"100","0","5","300",,,"PD, ANTI_FTR, DO_NOT_AIM, RANGE_FROM_TARGETING_OVAL","fragment, restricted, pd1, rocket1, no_bp, no_sell, no_dealer, no_drop, no_drop_salvage, chief_navigator_starving_weapon",,"Starving Threat",,"Anti Fighter (Area)","Very Slow","Special",,,"Requires the %s hullmod and uses %s fragment per shot. Unguided after a brief initial aiming stage.","Fragment Swarm|1",,,"TRUE","203"
"Carrion Swarm","chief_navigator_bone_devouring_swarm","0",,"3000","2500",,"200",,,"0","2","9","0.2","3","HIGH_EXPLOSIVE",,,"0.25","0.75","1",,,,,"0",,"250",,"20","1000",,,"STRIKE, USE_VS_FRIGATES, DO_NOT_AIM, CONSERVE_ALL, CONSERVE_FOR_ANTI_ARMOR, DIRECT_AIM, MISSILE_SPREAD, RANGE_FROM_SHIP_RADIUS, USE_LESS_VS_SHIELDS","fragment, restricted, he1, no_bp, no_sell, no_dealer, no_drop, no_drop_salvage, chief_navigator_starving_weapon",,"Starving Threat",,"Anti Armor","Medium","Excellent",,,"Requires the %s hullmod and at least %s fragments per shot. Deals no damage vs shields.","Fragment Swarm|6|50|no damage","A swarm of fragments attacks the target, eating through its armor and dismantling the hull once it's exposed, creating new fragments that return to the launching ship's swarm.",,"TRUE","204"
"Grave Spark","chief_navigator_bone_voltaic_discharge","0",,"2000","500",,"25","50","0","0","3","20","2","20","ENERGY","25",,"0","0.2","1",,,,,,,"10000",,,,,"360","PD, DO_NOT_AIM, RANGE_FROM_TARGETING_OVAL","fragment, fragment_glow, restricted, pd1, energy7, no_bp, no_sell, no_dealer, no_drop, no_drop_salvage, chief_navigator_starving_weapon",,"Starving Threat",,"Point Defense",,,,"Perfect","Requires the %s hullmod and at least %s active fragments. Fires a barrage of EMP arcs at nearby targets. The arcs always hit.","Fragment Swarm|10",,,,"205"
"Femur Torpedo","chief_navigator_bone_neutron_torpedo","0",,"4000","1200",,"2500",,"75","10","2","1",,,"KINETIC","0",,"0","10","1",,,,,,,"900",,"6","1000",,,"STRIKE","restricted, strike6, rocket2, reload_3pt, no_bp, no_sell, no_dealer, no_drop, no_drop_salvage, chief_navigator_starving_weapon",,"Starving Threat",,"Anti Shield Torpedo","Medium","Limited",,,,,"The skeletal rack carries only one torpedo, accelerated to three times the standard projectile speed.",,"TRUE","206"
"Rib Driver","chief_navigator_bone_light_mass_driver","0",,"3000","700",,"90",,"10","30","5",,,,"KINETIC","60",,"0","1","1",,,,,,,"900",,,,,,,"restricted, kinetic8, LR, no_bp, no_sell, no_dealer, no_drop, no_drop_salvage, chief_navigator_starving_weapon",,"Starving Threat",,"Anti Shield",,,,,,,"Starved cycling increases refire delay to 1 second. Shots may also dissolve: all reach half range, but only 50% reach maximum range.",,,"207"
"Spine Driver","chief_navigator_bone_heavy_mass_driver","0",,"6000","800",,"200",,"40","12","8",,,,"KINETIC","140",,"0","1","1",,,,,,,"900",,,,,,,"restricted, kinetic14, LR, no_bp, no_sell, no_dealer, no_drop, no_drop_salvage, chief_navigator_starving_weapon",,"Starving Threat",,"Anti Shield",,,,,,,"An underpowered traverse tracks slowly. Shots may also dissolve: all reach half range, but only 50% reach maximum range.",,,"208"
"Vertebral Quadcoil","chief_navigator_bone_neoferric_quadcoil","0",,"10000","900",,"200",,"10","30","10","160",,,"HIGH_EXPLOSIVE","200",,"0","7.3","8","0.1",,,,,,"900",,,,,,,"restricted, he17, no_bp, no_sell, no_dealer, no_drop, no_drop_salvage, chief_navigator_starving_weapon",,"Starving Threat",,"Anti Armor",,,,,,,"Starved feed capacitors extend the interval between bursts to 8 seconds. Carries 160 non-regenerating rounds.",,,"209"
"Osteon Cannon","chief_navigator_bone_voltaic_cannon","0",,"5000","800",,"300","500","0","50","2","2","0.01111","1","ENERGY","500",,"0.5","0",,,,,,,,"300",,,,,,"STRIKE, USE_LESS_VS_SHIELDS","restricted, energy7, strike3, no_bp, no_sell, no_dealer, no_drop, no_drop_salvage, chief_navigator_starving_weapon",,"Starving Threat",,"Suppression",,,,,"Hits on hull or armor generate a large number of EMP arcs. Hits on shields have a chance to generate shield-penetrating EMP arcs based on the target's hard flux level.",,"Its damaged capacitor takes 90 seconds to regenerate a charge.",,,"210"
"Skullblaster","chief_navigator_bone_voidblaster",,,"7000","700",,"300",,"0","15","8","12","0.5","4","HIGH_EXPLOSIVE","200",,"0","0.25",,,"10","10","0","10",,"5000",,,,,,,"restricted, he12, no_bp, no_sell, no_dealer, no_drop, no_drop_salvage, chief_navigator_starving_weapon",,"Starving Threat",,"Anti Armor",,,,,"Deals %s damage to shields, despite not being a beam weapon.","soft flux","While firing, a Hammer-strength feedback explosion detonates at the weapon mount every 0.5 seconds, dealing high explosive damage to the firing ship.",,,"211"
